player,team,avg_pts,avg_reb,avg_ast,minutes
Tyrese Maxey,PHI,28.8,4.2,6.7,38.4
Amen Thompson,HOU,17.9,7.9,5.2,37.3
Kevin Durant,HOU,25.9,5.4,4.6,36.4
Luka Doncic,LAL,33.7,7.8,8.2,36.0
Trey Murphy III,NOP,21.7,5.7,3.8,35.5
Jalen Johnson,ATL,22.9,10.2,8.1,35.4
Anthony Edwards,MIN,29.3,5.1,3.7,35.3
Jabari Smith Jr.,HOU,15.6,6.9,1.9,35.2
Jamal Murray,DEN,25.5,4.4,7.2,35.2
James Harden,2TM,23.8,5.0,8.2,35.1
Jalen Brunson,NYK,26.3,3.4,6.7,35.0
Paolo Banchero,ORL,22.6,8.3,5.1,35.0
Nikola Jokic,DEN,27.9,12.9,10.8,34.9
Jaylen Brown,BOS,28.6,7.1,5.2,34.4
Cade Cunningham,DET,24.5,5.6,9.9,34.4
Derrick White,BOS,17.0,4.5,5.5,34.3
Desmond Bane,ORL,20.3,4.1,4.2,34.1
Brandon Ingram,TOR,21.4,5.6,3.7,34.0
Scottie Barnes,TOR,18.6,7.7,5.8,33.9
Cooper Flagg,DAL,20.3,6.5,4.6,33.8
Alperen Sengun,HOU,20.7,9.0,6.2,33.6
Donovan Mitchell,CLE,28.0,4.5,5.7,33.6
LeBron James,LAL,20.9,6.0,7.0,33.6
Shai Gilgeous-Alexander,OKC,31.6,4.4,6.5,33.5
Mikal Bridges,NYK,14.7,4.0,3.8,33.4
Pascal Siakam,IND,23.8,6.7,3.8,33.4
Devin Booker,PHO,25.7,3.9,6.0,33.3
OG Anunoby,NYK,16.7,5.1,2.2,33.2
Dyson Daniels,ATL,11.8,6.7,5.9,33.2
Nickeil Alexander-Walker,ATL,20.4,3.5,3.8,33.2
Toumani Camara,POR,13.1,5.2,2.5,33.1
Keyonte George,UTA,23.6,3.7,6.1,33.1
Julius Randle,MIN,21.0,6.8,5.1,33.1
Deni Avdija,POR,23.8,6.9,6.7,33.1
Payton Pritchard,BOS,17.0,4.0,5.2,32.5
Immanuel Quickley,TOR,16.9,4.1,6.0,32.4
Evan Mobley,CLE,18.4,9.0,3.6,32.3
Bam Adebayo,MIA,20.1,10.0,3.0,32.3
Josh Giddey,CHI,17.2,8.4,9.2,32.2
Ryan Rollins,MIL,17.0,4.6,5.6,32.0
Kawhi Leonard,LAC,28.2,6.3,3.6,32.0
Jaden McDaniels,MIN,14.8,4.2,2.7,31.9
DeMar DeRozan,SAC,18.5,3.0,4.1,31.6
Kon Knueppel,CHO,18.9,5.4,3.4,31.6
Miles Bridges,CHO,17.1,5.8,3.2,31.4
Rudy Gobert,MIN,11.1,11.5,1.7,31.4
Andrew Nembhard,IND,16.9,2.8,7.7,31.3
Saddiq Bey,NOP,17.4,5.6,2.6,31.1
Onyeka Okongwu,ATL,15.4,7.7,3.2,31.1
P.J. Washington,DAL,14.1,7.1,1.8,31.0
De'Aaron Fox,SAS,18.6,3.7,6.2,31.0
Karl-Anthony Towns,NYK,20.0,11.9,2.8,30.9
Donte DiVincenzo,MIN,12.5,4.3,4.0,30.9
Anthony Black,ORL,15.3,3.9,3.8,30.7
Andrew Wiggins,MIA,15.6,5.0,2.7,30.7
Devin Vassell,SAS,14.1,3.9,2.5,30.5
Josh Hart,NYK,12.3,7.6,5.0,30.3
Brandon Miller,CHO,20.3,5.1,3.4,30.2
Quentin Grimes,PHI,13.8,3.7,3.5,30.1
Norman Powell,MIA,22.1,3.6,2.6,30.1
CJ McCollum,2TM,18.8,3.4,3.8,29.8
Zion Williamson,NOP,21.3,5.7,3.2,29.7
Jerami Grant,POR,18.6,3.5,2.1,29.7
Stephon Castle,SAS,16.7,5.2,7.2,29.7
Naji Marshall,DAL,15.5,4.7,3.3,29.7
Wendell Carter Jr.,ORL,11.7,7.5,2.1,29.6
Max Christie,DAL,12.3,3.3,2.0,29.4
Matas Buzelis,CHI,16.4,5.7,2.0,29.3
Chet Holmgren,OKC,17.0,8.9,1.7,29.3
Victor Wembanyama,SAS,24.5,11.4,3.1,29.3
Nikola Vucevic,2TM,15.6,8.6,3.4,29.0
Russell Westbrook,SAC,15.2,5.4,6.7,29.0
Collin Gillespie,PHO,13.1,4.1,4.8,28.9
Royce O'Neale,PHO,10.0,4.8,2.8,28.9
Marcus Smart,LAL,9.5,2.8,2.8,28.8
Brandin Podziemski,GSW,13.3,5.3,3.8,28.5
A.J. Green,MIL,9.6,2.5,1.9,28.5
Rui Hachimura,LAL,11.1,3.2,0.8,28.4
Davion Mitchell,MIA,9.0,2.7,6.5,28.4
Tobias Harris,DET,13.4,5.2,2.5,28.2
Jaime Jaquez Jr.,MIA,14.9,5.1,4.7,28.2
Jalen Duren,DET,19.3,10.6,1.8,28.0
Nic Claxton,BRK,11.8,7.0,3.7,28.0
LaMelo Ball,CHO,19.7,4.8,7.0,27.8
Julian Champagnie,SAS,11.1,5.8,1.5,27.7
Duncan Robinson,DET,11.9,2.7,2.1,27.6
Bub Carrington,WAS,10.2,3.5,4.6,27.6
Draymond Green,GSW,8.6,5.5,5.4,27.5
Kris Dunn,LAC,7.5,3.3,3.6,27.5
John Collins,LAC,13.5,5.2,1.0,27.5
Deandre Ayton,LAL,12.3,8.3,0.8,27.4
Luguentz Dort,OKC,8.3,3.7,1.2,27.3
Ace Bailey,UTA,13.5,4.1,1.8,27.3
Donovan Clingan,POR,12.2,11.7,2.1,27.2
Noah Clowney,BRK,12.4,4.2,1.7,27.2
Myles Turner,MIL,11.9,5.3,1.5,27.1
Tre Jones,CHI,13.4,3.1,5.5,27.0
Jaylon Tyson,CLE,13.1,5.1,2.2,27.0
Tim Hardaway Jr.,DEN,13.8,2.6,1.4,26.9
